{
  "$schema": "http://schema.management.azure.com/schemas/2014-04-01-preview/deploymentTemplate.json#",
  "contentVersion": "0.9.0.0",
  "parameters": {
    "clusterAttachedStorageType": {
      "type": "string",
      "defaultValue": "Standard_LRS",
      "allowedValues": [
        "Standard_LRS",
        "Standard_ZRS",
        "Standard_GRS",
        "Standard_RAGRS",
        "Premium_LRS"
      ]
    },
    "clusterName": {
      "type": "string",
      "metadata": {
        "description": "The name of the HDInsight cluster to create."
      }
    },
    "clusterLoginUserName": {
      "type": "string",
      "defaultValue": "admin",
      "metadata": {
        "description": "These credentials can be used to submit jobs to the cluster and to log into cluster dashboards."
      }
    },
    "clusterLoginPassword": {
      "type": "securestring",
      "metadata": {
        "description": "The password must be at least 10 characters in length and must contain at least one digit, one non-alphanumeric character, and one upper or lower case letter."
      }
    },
    "location": {
      "type": "string",
      "defaultValue": "westus2",
      "metadata": {
        "description": "The location where all azure resources will be deployed."
      }
    },
    "clusterVersion": {
      "type": "string",
      "defaultValue": "3.6",
      "metadata": {
        "description": "HDInsight cluster version."
      }
    },
    "clusterWorkerNodeCount": {
      "type": "int",
      "defaultValue": 2,
      "metadata": {
        "description": "The number of nodes in the HDInsight cluster."
      }
    },
    "clusterKind": {
      "type": "string",
      "defaultValue": "SPARK",
      "metadata": {
        "description": "The type of the HDInsight cluster to create."
      }
    },
    "sshUserName": {
      "type": "string",
      "defaultValue": "sshuser",
      "metadata": {
        "description": "These credentials can be used to remotely access the cluster."
      }
    },
    "sshPassword": {
      "type": "securestring",
      "metadata": {
        "description": "The password must be at least 10 characters in length and must contain at least one digit, one non-alphanumeric character, and one upper or lower case letter."
      }
    },
    "clusterCount": {
      "type": "int",
      "defaultValue": 1,
      "metadata": {
        "description": "The number of HDInsight clusters to deploy."
      }
    }
  },
  "variables": {
    "defaultApiVersion": "2015-05-01-preview",
    "clusterAttachedStorageName": "[parameters('clusterName')]"
  },
  "resources": [
    {
      "name": "[variables('clusterAttachedStorageName')]",
      "type": "Microsoft.Storage/storageAccounts",
      "location": "[parameters('location')]",
      "apiVersion": "2016-01-01",
      "sku": {
        "name": "[parameters('clusterAttachedStorageType')]"
      },
      "dependsOn": [],
      "tags": {
        "displayName": "clusterattachedstorage"
      },
      "kind": "Storage"
    },
    {
      "apiVersion": "2015-03-01-preview",
      "name": "[concat(parameters('clusterName'), copyIndex())]",
      "copy": {
        "name": "hdinsightcopy",
        "count": "[parameters('clusterCount')]"
      },
      "type": "Microsoft.HDInsight/clusters",
      "location": "[parameters('location')]",
      "dependsOn": [ "[resourceId('Microsoft.Storage/storageAccounts', variables('clusterAttachedStorageName'))]" ],
      "properties": {
        "clusterVersion": "[parameters('clusterVersion')]",
        "osType": "Linux",
        "tier": "standard",
        "clusterDefinition": {
          "kind": "[parameters('clusterKind')]",
          "configurations": {
            "gateway": {
              "restAuthCredential.isEnabled": true,
              "restAuthCredential.username": "[parameters('clusterLoginUserName')]",
              "restAuthCredential.password": "[parameters('clusterLoginPassword')]"
            }
          }
        },
        "storageProfile": {
          "storageaccounts": [
            {
              "name": "[concat(variables('clusterAttachedStorageName'),'.blob.core.windows.net')]",
              "isDefault": true,
              "container": "[concat(parameters('clusterName'), copyIndex())]",
              "key": "[listKeys(resourceId('Microsoft.Storage/storageAccounts', variables('clusterAttachedStorageName')), variables('defaultApiVersion')).key1]"
            }
          ]
        },
        "computeProfile": {
          "roles": [
            {
              "name": "headnode",
              "minInstanceCount": 1,
              "targetInstanceCount": 2,
              "hardwareProfile": {
                "vmSize": "Standard_D12_V2"
              },
              "osProfile": {
                "linuxOperatingSystemProfile": {
                  "username": "[parameters('sshUserName')]",
                  "password": "[parameters('sshPassword')]"
                }
              },
              "virtualNetworkProfile": null,
              "scriptActions": []
            },
            {
              "name": "workernode",
              "minInstanceCount": 1,
              "targetInstanceCount": 2,
              "hardwareProfile": {
                "vmSize": "Standard_D12_V2"
              },
              "osProfile": {
                "linuxOperatingSystemProfile": {
                  "username": "[parameters('sshUserName')]",
                  "password": "[parameters('sshPassword')]"
                }
              },
              "virtualNetworkProfile": null,
              "scriptActions": []
            }
          ]
        }
      }
    }
  ],
  "outputs": {}
}
